{
    "work": {
        "1": 400,
        "2": 600,
        "3": 800,
        "4": 1000,
        "5": 1200,
        "6": 1400,
        "7": 1600,
        "8": 1800,
        "9": 2000,
        "10": 2200
    },
    "home": {
        "1": 6000,
        "2": 7000,
        "3": 8000,
        "4": 9000,
        "5": 10000,
        "6": 11000,
        "7": 12000,
        "8": 13000,
        "9": 14000,
        "10": 15000
    },
    "rob": {
        "1": 200,
        "2": 400,
        "3": 600,
        "4": 800,
        "5": 1000
    },
    "miner": {
        "1": 500,
        "2": 1000,
        "3": 1500,
        "4": 2000,
        "5": 2500,
        "6": 3000,
        "7": 3500,
        "8": 4000,
        "9": 4500,
        "10": 5000
    },
    "default_coin": 100,
    "miner_price": 5000,
    "rob_price": 3000,
    "work_price": 2000
}